Workbook

Sheet all_data
A1: city | B1: id_trading_point | C1: avg_payment_control | D1: avg_payment_test | E1: count_control | F1: count_test | G1: sigma_control | H1: sigma_test | I1: count_all | J1: percent_count | K1: diff | L1: ttest | M1: pvalue_ttest | N1: labels
A2: Владимир | B2: 11 | C2: 2108.6102 | D2: 2547.22 | E2: 608 | F2: 509 | G2: 2663.0384 | H2: 3023.7022 | I2: 1117 | J2: 0.024648043 | K2: 438.60984 | L2: 2.5769555 | M2: 0.010095112 | N2: positive
A3: Волгоград | B3: 66 | C3: 2601.761 | D3: 2288.8706 | E3: 703 | F3: 657 | G3: 2830.1938 | H3: 2682.5676 | I3: 1360 | J3: 0.03001015 | K3: -312.8904 | L3: -2.0892719 | M3: 0.036868999 | N3: negative
A4: Дмитров | B4: 2 | C4: 483.4507 | D4: 579.33333 | E4: 71 | F4: 78 | G4: 1654.9232 | H4: 1860.7624 | I4: 149 | J4: 0.0032878768 | K4: 95.882629 | L4: 0.33105243 | M4: 0.74107631 | N4: neutral
A5: Казань | B5: 439 | C5: 2400.6353 | D5: 2481.9606 | E5: 351 | F5: 355 | G5: 3722.1171 | H5: 4040.441 | I5: 706 | J5: 0.015578799 | K5: 81.325236 | L5: 0.27806735 | M5: 0.7810423 | N5: neutral
A6: Казань | B6: 477 | C6: 2496.987 | D6: 2259.623 | E6: 386 | F6: 382 | G6: 3881.9947 | H6: 3482.8461 | I6: 768 | J6: 0.016946909 | K6: -237.36401 | L6: -0.89159336 | M6: 0.3728909 | N6: neutral
A7: Казань | B7: 516 | C7: 2880.4843 | D7: 3245.2003 | E7: 636 | F7: 634 | G7: 3819.2928 | H7: 4543.1693 | I7: 1270 | J7: 0.028024185 | K7: 364.71604 | L7: 1.5486734 | M7: 0.12170978 | N7: neutral
A8: Казань | B8: 544 | C8: 2635.5481 | D8: 2621.4271 | E8: 416 | F8: 377 | G8: 4639.8207 | H8: 3714.8948 | I8: 793 | J8: 0.017498566 | K8: -14.121021 | L8: -0.04699706 | M8: 0.96252743 | N8: neutral
A9: Казань | B9: 699 | C9: 2574.3522 | D9: 2422.2863 | E9: 494 | F9: 482 | G9: 4082.8514 | H9: 3906.8179 | I9: 976 | J9: 0.021536696 | K9: -152.06592 | L9: -0.59425383 | M9: 0.55248036 | N9: neutral
A10: Казань | B10: 991 | C10: 2452.9864 | D10: 3249.2815 | E10: 294 | F10: 270 | G10: 3633.9359 | H10: 4719.5926 | I10: 564 | J10: 0.012445386 | K10: 796.29509 | L10: 2.2552584 | M10: 0.024501005 | N10: positive
A11: Краснодар | B11: 1101 | C11: 2523.5788 | D11: 2176.0038 | E11: 869 | F11: 785 | G11: 2960.3523 | H11: 2722.6245 | I11: 1654 | J11: 0.036497639 | K11: -347.575 | L11: -2.4767363 | M11: 0.013358448 | N11: negative
A12: Краснодар | B12: 1989 | C12: 4163.9593 | D12: 4407.3849 | E12: 270 | F12: 239 | G12: 2492.0963 | H12: 2737.9007 | I12: 509 | J12: 0.01123174 | K12: 243.42568 | L12: 1.0499935 | M12: 0.29422132 | N12: neutral
A13: Красноярск | B13: 202 | C13: 2730.3788 | D13: 2927.3412 | E13: 565 | F13: 551 | G13: 2737.8858 | H13: 2956.6862 | I13: 1116 | J13: 0.024625976 | K13: 196.96244 | L13: 1.1550729 | M13: 0.24830826 | N13: neutral
... A52: Тюмень | B52: 19 | C52: 1743.3767 | D52: 2043.8231 | E52: 146 | F52: 130 | G52: 2891.3334 | H52: 2442.2668 | I52: 276 | J52: 0.0060902952 | K52: 300.44636 | L52: 0.92645906 | M52: 0.35502276 | N52: neutral

Sheet positive
A1: city | B1: id_trading_point | C1: avg_payment_control | D1: avg_payment_test | E1: count_control | F1: count_test | G1: sigma_control | H1: sigma_test | I1: count_all | J1: percent_count | K1: diff | L1: ttest | M1: pvalue_ttest | N1: labels | O1: revenue_effect
A2: Владимир | B2: 11 | C2: 2108.6102 | D2: 2547.22 | E2: 608 | F2: 509 | G2: 2663.0384 | H2: 3023.7022 | I2: 1117 | J2: 0.024648043 | K2: 438.60984 | L2: 2.5769555 | M2: 0.010095112 | N2: positive | O2: =K2*J2*Итог!$B$2 -> 10810.874
A3: Казань | B3: 991 | C3: 2452.9864 | D3: 3249.2815 | E3: 294 | F3: 270 | G3: 3633.9359 | H3: 4719.5926 | I3: 564 | J3: 0.012445386 | K3: 796.29509 | L3: 2.2552584 | M3: 0.024501005 | N3: positive | O3: =K3*J3*Итог!$B$2 -> 9910.1997
A4: Москва | B4: 1002 | C4: 1844.7872 | D4: 4144.8551 | E4: 188 | F4: 138 | G4: 2436.5361 | H4: 4069.7698 | I4: 326 | J4: 0.0071936096 | K4: 2300.0678 | L4: 6.3534484 | M4: 7.1299585e-10 | N4: positive | O4: =K4*J4*Итог!$B$2 -> 16545.79
A5: Москва | B5: 1287 | C5: 1394.6555 | D5: 2143.4892 | E5: 357 | F5: 370 | G5: 2338.4618 | H5: 2441.2219 | I5: 727 | J5: 0.016042191 | K5: 748.83373 | L5: 4.2210099 | M5: 2.741105e-05 | N5: positive | O5: =K5*J5*Итог!$B$2 -> 12012.933
A6: Москва | B6: 1654 | C6: 2507.8865 | D6: 3176.433 | E6: 775 | F6: 799 | G6: 2950.5129 | H6: 3208.0518 | I6: 1574 | J6: 0.034732336 | K6: 668.54659 | L6: 4.2997978 | M6: 1.8146601e-05 | N6: positive | O6: =K6*J6*Итог!$B$2 -> 23220.185
A7: Москва | B7: 2652 | C7: 1972.8477 | D7: 2508.8896 | E7: 2370 | F7: 2273 | G7: 2565.8782 | H7: 2846.6365 | I7: 4643 | J7: 0.10245377 | K7: 536.04189 | L7: 6.7451371 | M7: 1.716201e-11 | N7: positive | O7: =K7*J7*Итог!$B$2 -> 54919.514
A8: Самара | B8: 33 | C8: 2311.3876 | D8: 4598.2198 | E8: 258 | F8: 232 | G8: 2371.7713 | H8: 2931.2349 | I8: 490 | J8: 0.010812481 | K8: 2286.8322 | L8: 9.5328379 | M8: 7.222519e-20 | N8: positive | O8: =K8*J8*Итог!$B$2 -> 24726.329
A9: Самара | B9: 34 | C9: 1752.6087 | D9: 3104.5067 | E9: 253 | F9: 225 | G9: 2529.7008 | H9: 2956.8269 | I9: 478 | J9: 0.010547685 | K9: 1351.898 | L9: 5.386265 | M9: 1.1327785e-07 | N9: positive | O9: =K9*J9*Итог!$B$2 -> 14259.394
A10: Самара | B10: 35 | C10: 1508.8351 | D10: 2762.2243 | E10: 194 | F10: 214 | G10: 2184.8081 | H10: 2977.0835 | I10: 408 | J10: 0.0090030451 | K10: 1253.3892 | L10: 4.8066662 | M10: 2.1646757e-06 | N10: positive | O10: =K10*J10*Итог!$B$2 -> 11284.32
A11: Самара | B11: 36 | C11: 860.41844 | D11: 1987.3282 | E11: 141 | F11: 131 | G11: 1840.8266 | H11: 2718.5027 | I11: 272 | J11: 0.0060020301 | K11: 1126.9098 | L11: 4.0279507 | M11: 7.3187581e-05 | N11: positive | O11: =K11*J11*Итог!$B$2 -> 6763.7466
A12: Санкт-Петербург | B12: 117 | C12: 2050.6917 | D12: 2582.2976 | E12: 587 | F12: 625 | G12: 2595.7378 | H12: 2835.0045 | I12: 1212 | J12: 0.02674434 | K12: 531.60595 | L12: 3.3981956 | M12: 0.00070038166 | N12: positive | O12: =K12*J12*Итог!$B$2 -> 14217.45
A13: Санкт-Петербург | B13: 213 | C13: 2277.6118 | D13: 2977.6293 | E13: 255 | F13: 232 | G13: 2710.0434 | H13: 2905.4944 | I13: 487 | J13: 0.010746282 | K13: 700.01755 | L13: 2.7507519 | M13: 0.0061682153 | N13: positive | O13: =K13*J13*Итог!$B$2 -> 7522.5858
... A18: Санкт-Петербург | B18: 900 | C18: 1689.7918 | D18: 2450.991 | E18: 341 | F18: 335 | G18: 2492.4726 | H18: 2865.6074 | I18: 676 | J18: 0.01491681 | K18: 761.19926 | L18: 3.6869136 | M18: 0.00024525342 | N18: positive | O18: =K18*J18*Итог!$B$2 -> 11354.665
O19: =SUM(O2:O18) -> 265804.57

Sheet negative
A1: city | B1: id_trading_point | C1: avg_payment_control | D1: avg_payment_test | E1: count_control | F1: count_test | G1: sigma_control | H1: sigma_test | I1: count_all | J1: percent_count | K1: diff | L1: ttest | M1: pvalue_ttest | N1: labels | O1: revenue_effect
A2: Волгоград | B2: 66 | C2: 2601.761 | D2: 2288.8706 | E2: 703 | F2: 657 | G2: 2830.1938 | H2: 2682.5676 | I2: 1360 | J2: 0.03001015 | K2: -312.8904 | L2: -2.0892719 | M2: 0.036868999 | N2: negative | O2: =K2*J2*Итог!$B$2 -> -9389.888
A3: Краснодар | B3: 1101 | C3: 2523.5788 | D3: 2176.0038 | E3: 869 | F3: 785 | G3: 2960.3523 | H3: 2722.6245 | I3: 1654 | J3: 0.036497639 | K3: -347.575 | L3: -2.4767363 | M3: 0.013358448 | N3: negative | O3: =K3*J3*Итог!$B$2 -> -12685.667
A4: Москва | B4: 9931 | C4: 1968.6934 | D4: 1415.7843 | E4: 137 | F4: 153 | G4: 2403.3979 | H4: 2038.1642 | I4: 290 | J4: 0.0063992233 | K4: -552.90912 | L4: -2.1191969 | M4: 0.034929469 | N4: negative | O4: =K4*J4*Итог!$B$2 -> -3538.1889
O5: =SUM(O2:O4) -> -25613.744

Sheet neutral
A1: city | B1: id_trading_point | C1: avg_payment_control | D1: avg_payment_test | E1: count_control | F1: count_test | G1: sigma_control | H1: sigma_test | I1: count_all | J1: percent_count | K1: diff | L1: ttest | M1: pvalue_ttest | N1: labels | O1: neede_n
A2: Дмитров | B2: 2 | C2: 483.4507 | D2: 579.33333 | E2: 71 | F2: 78 | G2: 1654.9232 | H2: 1860.7624 | I2: 149 | J2: 0.0032878768 | K2: 95.882629 | L2: 0.33105243 | M2: 0.74107631 | N2: neutral | O2: =(H2^2)/(Итог!$B$3^2) -> 3.4624368
A3: Казань | B3: 439 | C3: 2400.6353 | D3: 2481.9606 | E3: 351 | F3: 355 | G3: 3722.1171 | H3: 4040.441 | I3: 706 | J3: 0.015578799 | K3: 81.325236 | L3: 0.27806735 | M3: 0.7810423 | N3: neutral | O3: =(H3^2)/(Итог!$B$3^2) -> 16.325164
A4: Казань | B4: 477 | C4: 2496.987 | D4: 2259.623 | E4: 386 | F4: 382 | G4: 3881.9947 | H4: 3482.8461 | I4: 768 | J4: 0.016946909 | K4: -237.36401 | L4: -0.89159336 | M4: 0.3728909 | N4: neutral | O4: =(H4^2)/(Итог!$B$3^2) -> 12.130217
A5: Казань | B5: 516 | C5: 2880.4843 | D5: 3245.2003 | E5: 636 | F5: 634 | G5: 3819.2928 | H5: 4543.1693 | I5: 1270 | J5: 0.028024185 | K5: 364.71604 | L5: 1.5486734 | M5: 0.12170978 | N5: neutral | O5: =(H5^2)/(Итог!$B$3^2) -> 20.640387
A6: Казань | B6: 544 | C6: 2635.5481 | D6: 2621.4271 | E6: 416 | F6: 377 | G6: 4639.8207 | H6: 3714.8948 | I6: 793 | J6: 0.017498566 | K6: -14.121021 | L6: -0.04699706 | M6: 0.96252743 | N6: neutral | O6: =(H6^2)/(Итог!$B$3^2) -> 13.800443
A7: Казань | B7: 699 | C7: 2574.3522 | D7: 2422.2863 | E7: 494 | F7: 482 | G7: 4082.8514 | H7: 3906.8179 | I7: 976 | J7: 0.021536696 | K7: -152.06592 | L7: -0.59425383 | M7: 0.55248036 | N7: neutral | O7: =(H7^2)/(Итог!$B$3^2) -> 15.263226
A8: Краснодар | B8: 1989 | C8: 4163.9593 | D8: 4407.3849 | E8: 270 | F8: 239 | G8: 2492.0963 | H8: 2737.9007 | I8: 509 | J8: 0.01123174 | K8: 243.42568 | L8: 1.0499935 | M8: 0.29422132 | N8: neutral | O8: =(H8^2)/(Итог!$B$3^2) -> 7.4961004
A9: Красноярск | B9: 202 | C9: 2730.3788 | D9: 2927.3412 | E9: 565 | F9: 551 | G9: 2737.8858 | H9: 2956.6862 | I9: 1116 | J9: 0.024625976 | K9: 196.96244 | L9: 1.1550729 | M9: 0.24830826 | N9: neutral | O9: =(H9^2)/(Итог!$B$3^2) -> 8.7419935
A10: Красноярск | B10: 212 | C10: 2222.0522 | D10: 2144.317 | E10: 575 | F10: 593 | G10: 2785.1163 | H10: 2708.5887 | I10: 1168 | J10: 0.025773423 | K10: -77.735142 | L10: -0.48358539 | M10: 0.62877095 | N10: neutral | O10: =(H10^2)/(Итог!$B$3^2) -> 7.3364529
A11: Красноярск | B11: 277 | C11: 2431.3653 | D11: 2285.75 | E11: 709 | F11: 708 | G11: 2868.5876 | H11: 2712.6779 | I11: 1417 | J11: 0.031267929 | K11: -145.6153 | L11: -0.98170547 | M11: 0.32641279 | N11: neutral | O11: =(H11^2)/(Итог!$B$3^2) -> 7.3586213
A12: Красноярск | B12: 278 | C12: 2185.2147 | D12: 2499.3458 | E12: 489 | F12: 535 | G12: 2574.9156 | H12: 2915.9953 | I12: 1024 | J12: 0.022595878 | K12: 314.13107 | L12: 1.8202681 | M12: 0.069010561 | N12: neutral | O12: =(H12^2)/(Итог!$B$3^2) -> 8.5030288
A13: Красноярск | B13: 444 | C13: 2545.7349 | D13: 2404.1062 | E13: 562 | F13: 650 | G13: 2797.1388 | H13: 2810.8285 | I13: 1212 | J13: 0.02674434 | K13: -141.62872 | L13: -0.87674037 | M13: 0.3808017 | N13: neutral | O13: =(H13^2)/(Итог!$B$3^2) -> 7.9007568
... A32: Тюмень | B32: 19 | C32: 1743.3767 | D32: 2043.8231 | E32: 146 | F32: 130 | G32: 2891.3334 | H32: 2442.2668 | I32: 276 | J32: 0.0060902952 | K32: 300.44636 | L32: 0.92645906 | M32: 0.35502276 | N32: neutral | O32: =(H32^2)/(Итог!$B$3^2) -> 5.9646671
N33: Необходимое количество наблюдений | O33: =SUM(O2:O32) -> 266.31108

Sheet Итог
A1: Вводные данные
A2: N | B2: 1000
A3: MDE | B3: 1000
A4: Итоговые результаты
A5: Положительный исход | B5: =positive!O19 -> 265804.57
A6: Отрицательный исход | B6: =negative!O5 -> -25613.744
A7: Баланс | B7: =B5+B6 -> 240190.83
A8: Количество наблюдений | B8: =neutral!O33 -> 266.31108
